"Data Source","World Development Indicators",

"Last Updated Date","2015-07-28",

"Country Name","Country Code","Indicator Name","Indicator Code","1960","1961","1962","1963","1964","1965","1966","1967","1968","1969","1970","1971","1972","1973","1974","1975","1976","1977","1978","1979","1980","1981","1982","1983","1984","1985","1986","1987","1988","1989","1990","1991","1992","1993","1994","1995","1996","1997","1998","1999","2000","2001","2002","2003","2004","2005","2006","2007","2008","2009","2010","2011","2012","2013","2014",
"Aruba","ABW","Net migration","SM.POP.NETM","","","-4323","","","","","-4275","","","","","-3537","","","","","-5470","","","","","-1921","","","","","-5194","","","","","14218","","","","","6926","","","","","6263","","","","","-441","","","","","1253","","",
"Andorra","AND","Net migration","SM.POP.NETM","","","","","","","","","","","","","","","","","","","","","","","","","","","","","","","","","","","","","","","","","","","","","","","","","","","","","","","",
"Afghanistan","AFG","Net migration","SM.POP.NETM","","","-20000","","","","","-20000","","","","","-20000","","","","","-1173331","","","","","-3504132","","","","","-1705201","","","","","3257250","","","","","-618616","","","","","137157","","","","","-739334","","","","","-399999","","",
"Angola","AGO","Net migration","SM.POP.NETM","","","-135000","","","","","-201155","","","","","-88455","","","","","13955","","","","","234149","","","","","-150232","","","","","142763","","","","","-126311","","","","","172194","","","","","82005","","","","","65543","","",
"Albania","ALB","Net migration","SM.POP.NETM","","","-4402","","","","","-4402","","","","","-4402","","","","","-4402","","","","","22403","","","","","25700","","","","","-390826","","","","","-303340","","","","","-289785","","","","","-150503","","","","","-50002","","",
"Arab World","ARB","Net migration","SM.POP.NETM","","","-540331","","","","","-795689","","","","","-1073042","","","","","1210788","","","","","-444568","","","","","-1589449","","","","","-873718","","","","","-3223509","","","","","1153756","","","","","4730460","","","","","354001","","",
"United Arab Emirates","ARE","Net migration","SM.POP.NETM","","","36923","","","","","54611","","","","","251678","","","","","387827","","","","","174444","","","","","259505","","","","","327575","","","","","464455","","","","","863784","","","","","3812193","","","","","514042","","",
"Argentina","ARG","Net migration","SM.POP.NETM","","","125000","","","","","125000","","","","","290000","","","","","-220000","","","","","80000","","","","","120000","","","","","0","","","","","-50000","","","","","-180000","","","","","-199997","","","","","-99998","","",
"Armenia","ARM","Net migration","SM.POP.NETM","","","70335","","","","","103399","","","","","86404","","","","","35724","","","","","-22331","","","","","-58313","","","","","-496288","","","","","-223873","","","","","-143966","","","","","-136009","","","","","-50001","","",
"American Samoa","ASM","Net migration","SM.POP.NETM","","","","","","","","","","","","","","","","","","","","","","","","","","","","","","","","","","","","","","","","","","","","","","","","","","","","","","","",
"Antigua and Barbuda","ATG","Net migration","SM.POP.NETM","","","-1703","","","","","-1625","","","","","-2874","","","","","-3492","","","","","-8840","","","","","-7629","","","","","2617","","","","","4421","","","","","-282","","","","","-92","","","","","-56","","",
"Australia","AUS","Net migration","SM.POP.NETM","","","382989","","","","","852782","","","","","264129","","","","","235744","","","","","456227","","","","","666233","","","","","351078","","","","","522944","","","","","662716","","","","","1142686","","","","","749997","","",
"Austria","AUT","Net migration","SM.POP.NETM","","","20170","","","","","55742","","","","","100533","","","","","-27644","","","","","29783","","","","","92120","","","","","275335","","","","","23580","","","","","212687","","","","","159497","","","","","150001","","",
"Azerbaijan","AZE","Net migration","SM.POP.NETM","","","66429","","","","","50466","","","","","14620","","","","","-28122","","","","","-40822","","","","","-118757","","","","","-105573","","","","","-119785","","","","","10655","","","","","10655","","","","","0","","",
"Burundi","BDI","Net migration","SM.POP.NETM","","","-84989","","","","","-57900","","","","","-260594","","","","","-150288","","","","","-86002","","","","","-44320","","","","","-250000","","","","","-404999","","","","","112532","","","","","163733","","","","","-20001","","",
"Belgium","BEL","Net migration","SM.POP.NETM","","","71911","","","","","86168","","","","","39275","","","","","70243","","","","","13460","","","","","44794","","","","","115391","","","","","67177","","","","","196804","","","","","338542","","","","","150007","","",
"Benin","BEN","Net migration","SM.POP.NETM","","","-24295","","","","","-23742","","","","","-24845","","","","","-19393","","","","","-10848","","","","","-8723","","","","","105000","","","","","-29287","","","","","98831","","","","","50000","","","","","-10000","","",
"Burkina Faso","BFA","Net migration","SM.POP.NETM","","","-144723","","","","","-144723","","","","","-170263","","","","","-217400","","","","","-217400","","","","","-183699","","","","","-150001","","","","","-137499","","","","","-125000","","","","","-125000","","","","","-125000","","",
"Bangladesh","BGD","Net migration","SM.POP.NETM","","","-142378","","","","","-161826","","","","","-3028254","","","","","-1101492","","","","","-835716","","","","","-219363","","","","","-933717","","","","","-756121","","","","","-2000003","","","","","-3570954","","","","","-2040559","","",
"Bulgaria","BGR","Net migration","SM.POP.NETM","","","-1437","","","","","-6423","","","","","-43396","","","","","-94868","","","","","-22346","","","","","-184143","","","","","-356464","","","","","-106602","","","","","-83002","","","","","-83002","","","","","-50000","","",
"Bahrain","BHR","Net migration","SM.POP.NETM","","","-4341","","","","","-7199","","","","","19123","","","","","48962","","","","","3195","","","","","12899","","","","","5480","","","","","44472","","","","","143336","","","","","293196","","","","","22081","","",
"Bahamas, The","BHS","Net migration","SM.POP.NETM","","","14357","","","","","14080","","","","","887","","","","","2791","","","","","180","","","","","-1099","","","","","-395","","","","","-3097","","","","","15483","","","","","14363","","","","","9672","","",
"Bosnia and Herzegovina","BIH","Net migration","SM.POP.NETM","","","-149760","","","","","-146084","","","","","-74922","","","","","-84841","","","","","-21948","","","","","-24141","","","","","-1025000","","","","","232864","","","","","37754","","","","","-18789","","","","","-5000","","",
"Belarus","BLR","Net migration","SM.POP.NETM","","","-125387","","","","","57574","","","","","23022","","","","","10001","","","","","47114","","","","","-6309","","","","","-63057","","","","","56146","","","","","-6382","","","","","40842","","","","","-10000","","",
"Belize","BLZ","Net migration","SM.POP.NETM","","","-2418","","","","","-2957","","","","","-10665","","","","","-13542","","","","","-5332","","","","","-5404","","","","","-9011","","","","","3798","","","","","4462","","","","","6778","","","","","7596","","",
"Bermuda","BMU","Net migration","SM.POP.NETM","","","","","","","","","","","","","","","","","","","","","","","","","","","","","","","","","","","","","","","","","","","","","","","","","","","","","","","",
"Bolivia","BOL","Net migration","SM.POP.NETM","","","-34000","","","","","-36000","","","","","-40000","","","","","-35000","","","","","-50000","","","","","-75002","","","","","-100000","","","","","-100000","","","","","-131000","","","","","-165177","","","","","-125000","","",
"Brazil","BRA","Net migration","SM.POP.NETM","","","0","","","","","0","","","","","0","","","","","0","","","","","-16000","","","","","-92000","","","","","-99999","","","","","-100002","","","","","-499999","","","","","-499999","","","","","-190000","","",
"Barbados","BRB","Net migration","SM.POP.NETM","","","-15957","","","","","-11929","","","","","-5485","","","","","-6371","","","","","-3446","","","","","-3303","","","","","-3711","","","","","-1399","","","","","1998","","","","","1998","","","","","1998","","",
"Brunei Darussalam","BRN","Net migration","SM.POP.NETM","","","5203","","","","","10689","","","","","7894","","","","","5450","","","","","1633","","","","","4","","","","","1086","","","","","2819","","","","","3516","","","","","3516","","","","","1760","","",
"Bhutan","BTN","Net migration","SM.POP.NETM","","","5000","","","","","10000","","","","","20000","","","","","15000","","","","","797","","","","","1595","","","","","-85887","","","","","143","","","","","34976","","","","","16829","","","","","10000","","",
"Botswana","BWA","Net migration","SM.POP.NETM","","","-15000","","","","","-6020","","","","","2326","","","","","14845","","","","","601","","","","","5803","","","","","17864","","","","","24546","","","","","21278","","","","","18730","","","","","20000","","",
"Central African Republic","CAF","Net migration","SM.POP.NETM","","","11930","","","","","13145","","","","","-20075","","","","","-1000","","","","","40165","","","","","-40982","","","","","37392","","","","","11293","","","","","-45000","","","","","5000","","","","","10000","","",
"Canada","CAN","Net migration","SM.POP.NETM","","","173215","","","","","608528","","","","","771526","","","","","438027","","","","","376129","","","","","875013","","","","","698764","","","","","761611","","","","","1028825","","","","","1251505","","","","","1099999","","",
"Central Europe and the Baltics","CEB","Net migration","SM.POP.NETM","","","-115236","","","","","-164752","","","","","-37734","","","","","-90310","","","","","-156248","","","","","-406855","","","","","-1335170","","","","","-931608","","","","","-376127","","","","","772","","","","","120515","","",
"Switzerland","CHE","Net migration","SM.POP.NETM","","","276181","","","","","92978","","","","","25185","","","","","-135365","","","","","81040","","","","","130857","","","","","247406","","","","","65218","","","","","186125","","","","","344872","","","","","320000","","",
"Channel Islands","CHI","Net migration","SM.POP.NETM","","","2934","","","","","3880","","","","","4250","","","","","1726","","","","","5380","","","","","6085","","","","","2120","","","","","3778","","","","","4592","","","","","4479","","","","","3654","","",
"Chile","CHL","Net migration","SM.POP.NETM","","","-33000","","","","","-33000","","","","","-80000","","","","","-80000","","","","","-60000","","","","","-40000","","","","","90000","","","","","60000","","","","","30000","","","","","30000","","","","","30000","","",
"China","CHN","Net migration","SM.POP.NETM","","","-1058830","","","","","-12737","","","","","-1113125","","","","","-428313","","","","","-258072","","","","","-236255","","","","","-823657","","","","","-607000","","","","","-2298054","","","","","-1884105","","","","","-1500000","","",
"Cote d'Ivoire","CIV","Net migration","SM.POP.NETM","","","200000","","","","","300000","","","","","400000","","","","","420000","","","","","430000","","","","","325000","","","","","375000","","","","","180000","","","","","-420000","","","","","-290000","","","","","50000","","",
"Cameroon","CMR","Net migration","SM.POP.NETM","","","0","","","","","-1000","","","","","-2500","","","","","-8000","","","","","-55000","","","","","-65000","","","","","-80000","","","","","-80000","","","","","-80000","","","","","-70000","","","","","-50000","","",
"Congo, Rep.","COG","Net migration","SM.POP.NETM","","","0","","","","","500","","","","","6945","","","","","-7408","","","","","2097","","","","","1145","","","","","15531","","","","","35300","","","","","-13257","","","","","49872","","","","","-45363","","",
"Colombia","COL","Net migration","SM.POP.NETM","","","-250000","","","","","-280000","","","","","-280000","","","","","-272003","","","","","-246000","","","","","-235000","","","","","-250000","","","","","-150000","","","","","-120000","","","","","-120000","","","","","-120000","","",
"Comoros","COM","Net migration","SM.POP.NETM","","","-8491","","","","","-5500","","","","","-5500","","","","","10000","","","","","-4500","","","","","-4500","","","","","-3000","","","","","-6000","","","","","-10000","","","","","-10000","","","","","-10000","","",
"Cabo Verde","CPV","Net migration","SM.POP.NETM","","","-267","","","","","1865","","","","","-3551","","","","","-57090","","","","","-20313","","","","","-34010","","","","","-6376","","","","","-9437","","","","","-10925","","","","","-31280","","","","","-17215","","",
"Costa Rica","CRI","Net migration","SM.POP.NETM","","","0","","","","","0","","","","","0","","","","","27017","","","","","31229","","","","","25043","","","","","62368","","","","","127521","","","","","84000","","","","","75600","","","","","64260","","",
"Caribbean small states","CSS","Net migration","SM.POP.NETM","","","-248673","","","","","-276558","","","","","-300926","","","","","-300405","","","","","-265958","","","","","-330622","","","","","-221421","","","","","-152829","","","","","-109893","","","","","-132563","","","","","-122794","","",
"Cuba","CUB","Net migration","SM.POP.NETM","","","-205000","","","","","-250000","","","","","-190000","","","","","-160000","","","","","-256502","","","","","-66501","","","","","-114004","","","","","-155801","","","","","-142500","","","","","-190123","","","","","-140000","","",
"Curacao","CUW","Net migration","SM.POP.NETM","","","-7752","","","","","-4526","","","","","-5000","","","","","-13251","","","","","-8464","","","","","-14547","","","","","-11517","","","","","-17077","","","","","-6070","","","","","15363","","","","","14054","","",
"Cayman Islands","CYM","Net migration","SM.POP.NETM","","","","","","","","","","","","","","","","","","","","","","","","","","","","","","","","","","","","","","","","","","","","","","","","","","","","","","","",
"Cyprus","CYP","Net migration","SM.POP.NETM","","","-43025","","","","","-7843","","","","","3053","","","","","-1215","","","","","-27634","","","","","17167","","","","","43195","","","","","53260","","","","","61830","","","","","44166","","","","","35000","","",
"Czech Republic","CZE","Net migration","SM.POP.NETM","","","-56586","","","","","-46552","","","","","-10566","","","","","19746","","","","","-28182","","","","","-19672","","","","","29712","","","","","31804","","","","","67480","","","","","300397","","","","","199999","","",
"Germany","DEU","Net migration","SM.POP.NETM","","","1074042","","","","","1122111","","","","","801550","","","","","200002","","","","","290001","","","","","1891112","","","","","3232654","","","","","834288","","","","","936739","","","","","4937","","","","","549998","","",
"Djibouti","DJI","Net migration","SM.POP.NETM","","","18000","","","","","25000","","","","","34997","","","","","91193","","","","","9999","","","","","89998","","","","","-15000","","","","","-16501","","","","","-18151","","","","","-19965","","","","","-15996","","",
"Dominica","DMA","Net migration","SM.POP.NETM","","","","","","","","","","","","","","","","","","","","","","","","","","","","","","","","","","","","","","","","","","","","","","","","","","","","","","","",
"Denmark","DNK","Net migration","SM.POP.NETM","","","2256","","","","","21866","","","","","23256","","","","","14925","","","","","9319","","","","","32839","","","","","65466","","","","","74568","","","","","46306","","","","","87989","","","","","74999","","",
"Dominican Republic","DOM","Net migration","SM.POP.NETM","","","-42782","","","","","-56764","","","","","-71253","","","","","-87354","","","","","-102692","","","","","-116650","","","","","-129183","","","","","-139414","","","","","-147502","","","","","-140000","","","","","-140000","","",
"Algeria","DZA","Net migration","SM.POP.NETM","","","-284266","","","","","-121335","","","","","-273771","","","","","-250000","","","","","-100000","","","","","-149003","","","","","-103671","","","","","-76196","","","","","-57808","","","","","-48998","","","","","-50002","","",
"East Asia & Pacific (developing only)","EAP","Net migration","SM.POP.NETM","","","-1137769","","","","","-680022","","","","","-1341801","","","","","-1845695","","","","","-626629","","","","","-450832","","","","","-2991557","","","","","-1054727","","","","","-4495672","","","","","-6208980","","","","","-3060546","","",
"East Asia & Pacific (all income levels)","EAS","Net migration","SM.POP.NETM","","","-530708","","","","","530923","","","","","-911637","","","","","-1388101","","","","","612132","","","","","330991","","","","","-2277229","","","","","-102654","","","","","-2751526","","","","","-3675616","","","","","-993626","","",
"Europe & Central Asia (developing only)","ECA","Net migration","SM.POP.NETM","","","1033448","","","","","505951","","","","","125284","","","","","-982286","","","","","-730857","","","","","-2040620","","","","","-5674916","","","","","-4356815","","","","","-2931616","","","","","-1481323","","","","","-735563","","",
"Europe & Central Asia (all income levels)","ECS","Net migration","SM.POP.NETM","","","1478708","","","","","221726","","","","","2109558","","","","","1231119","","","","","1410459","","","","","1524516","","","","","1867031","","","","","1152699","","","","","7675458","","","","","8295022","","","","","5594633","","",
"Ecuador","ECU","Net migration","SM.POP.NETM","","","-8690","","","","","-5224","","","","","-5219","","","","","-7006","","","","","-12933","","","","","-16314","","","","","-17749","","","","","-27646","","","","","-43463","","","","","-46470","","","","","-30000","","",
"Egypt, Arab Rep.","EGY","Net migration","SM.POP.NETM","","","-50100","","","","","-239700","","","","","-626796","","","","","-848440","","","","","-696601","","","","","-651818","","","","","-1109238","","","","","-945704","","","","","-370780","","","","","-346922","","","","","-215681","","",
"Euro area","EMU","Net migration","SM.POP.NETM","","","1446619","","","","","350224","","","","","2246335","","","","","1577335","","","","","1146870","","","","","2409670","","","","","4793820","","","","","2765159","","","","","7567794","","","","","5478043","","","","","3363718","","",
"Eritrea","ERI","Net migration","SM.POP.NETM","","","6356","","","","","2910","","","","","7773","","","","","53231","","","","","49202","","","","","-3799","","","","","-358660","","","","","-8887","","","","","229378","","","","","55001","","","","","55001","","",
"Spain","ESP","Net migration","SM.POP.NETM","","","-193807","","","","","-145936","","","","","96990","","","","","76903","","","","","-43291","","","","","-67671","","","","","319268","","","","","796019","","","","","2829228","","","","","2250005","","","","","599997","","",
"Estonia","EST","Net migration","SM.POP.NETM","","","43228","","","","","41204","","","","","30581","","","","","30510","","","","","25900","","","","","15497","","","","","-111876","","","","","-33444","","","","","-14479","","","","","-15687","","","","","0","","",
"Ethiopia","ETH","Net migration","SM.POP.NETM","","","-19999","","","","","-42182","","","","","-59597","","","","","-2024797","","","","","250001","","","","","780074","","","","","1295280","","","","","-305577","","","","","-83182","","","","","-50132","","","","","-60001","","",
"European Union","EUU","Net migration","SM.POP.NETM","","","1453967","","","","","194598","","","","","2234185","","","","","1499249","","","","","779008","","","","","2179788","","","","","4265413","","","","","2638827","","","","","8578090","","","","","6856785","","","","","4660627","","",
"Fragile and conflict affected situations","FCS","Net migration","SM.POP.NETM","","","-298876","","","","","-350758","","","","","-668118","","","","","-408513","","","","","-4749627","","","","","-4368885","","","","","1481311","","","","","-3059447","","","","","-2204658","","","","","-2234190","","","","","-1920418","","",
"Finland","FIN","Net migration","SM.POP.NETM","","","-64984","","","","","-97937","","","","","28880","","","","","-29377","","","","","26181","","","","","18268","","","","","47223","","","","","22154","","","","","31935","","","","","71143","","","","","50001","","",
"Fiji","FJI","Net migration","SM.POP.NETM","","","2451","","","","","-9567","","","","","-12506","","","","","-20709","","","","","-11628","","","","","-66875","","","","","-35796","","","","","-42260","","","","","-61797","","","","","-28754","","","","","-28720","","",
"France","FRA","Net migration","SM.POP.NETM","","","1520462","","","","","314462","","","","","692422","","","","","214907","","","","","354566","","","","","289932","","","","","138299","","","","","187847","","","","","1078363","","","","","518470","","","","","649998","","",
"Faeroe Islands","FRO","Net migration","SM.POP.NETM","","","","","","","","","","","","","","","","","","","","","","","","","","","","","","","","","","","","","","","","","","","","","","","","","","","","","","","",
"Micronesia, Fed. Sts.","FSM","Net migration","SM.POP.NETM","","","0","","","","","0","","","","","-7997","","","","","-548","","","","","0","","","","","-2461","","","","","-2234","","","","","-13618","","","","","-12850","","","","","-12132","","","","","-8192","","",
"Gabon","GAB","Net migration","SM.POP.NETM","","","9410","","","","","16188","","","","","2999","","","","","4999","","","","","4999","","","","","4999","","","","","4999","","","","","9566","","","","","9566","","","","","9566","","","","","5000","","",
"United Kingdom","GBR","Net migration","SM.POP.NETM","","","142563","","","","","-84853","","","","","106415","","","","","39119","","","","","-97495","","","","","98758","","","","","205443","","","","","498998","","","","","968350","","","","","840371","","","","","900000","","",
"Georgia","GEO","Net migration","SM.POP.NETM","","","51113","","","","","24146","","","","","-32156","","","","","-78920","","","","","-18616","","","","","-61577","","","","","-544069","","","","","-390036","","","","","-309021","","","","","-150000","","","","","-125007","","",
"Ghana","GHA","Net migration","SM.POP.NETM","","","0","","","","","-361999","","","","","-164002","","","","","-563999","","","","","206001","","","","","-30003","","","","","-16285","","","","","-112636","","","","","165518","","","","","189259","","","","","-100000","","",
"Guinea","GIN","Net migration","SM.POP.NETM","","","-13857","","","","","-18000","","","","","-275000","","","","","-353000","","","","","-38000","","","","","162450","","","","","800000","","","","","-246148","","","","","-368004","","","","","-55577","","","","","-10000","","",
"Gambia, The","GMB","Net migration","SM.POP.NETM","","","-3232","","","","","118","","","","","9392","","","","","-3380","","","","","19475","","","","","48392","","","","","-14801","","","","","-26418","","","","","-13742","","","","","-13742","","","","","-13476","","",
"Guinea-Bissau","GNB","Net migration","SM.POP.NETM","","","-40000","","","","","-27230","","","","","-25000","","","","","-60000","","","","","-30000","","","","","-25000","","","","","-30000","","","","","-30000","","","","","-30000","","","","","-30000","","","","","-10000","","",
"Equatorial Guinea","GNQ","Net migration","SM.POP.NETM","","","0","","","","","0","","","","","-70000","","","","","-30000","","","","","65000","","","","","15000","","","","","15000","","","","","20000","","","","","25000","","","","","20000","","","","","20000","","",
"Greece","GRC","Net migration","SM.POP.NETM","","","-145243","","","","","-99122","","","","","10771","","","","","330211","","","","","114020","","","","","158887","","","","","464636","","","","","297431","","","","","54232","","","","","54232","","","","","49996","","",
"Grenada","GRD","Net migration","SM.POP.NETM","","","-8968","","","","","-9319","","","","","-11426","","","","","-12867","","","","","-288","","","","","-15001","","","","","-3923","","","","","-4912","","","","","-4132","","","","","-4274","","","","","-4274","","",
"Greenland","GRL","Net migration","SM.POP.NETM","","","","","","","","","","","","","","","","","","","","","","","","","","","","","","","","","","","","","","","","","","","","","","","","","","","","","","","",
"Guatemala","GTM","Net migration","SM.POP.NETM","","","-26259","","","","","-52507","","","","","-105007","","","","","-225000","","","","","-250000","","","","","-300000","","","","","-360000","","","","","-390000","","","","","-300000","","","","","-200000","","","","","-75000","","",
"Guam","GUM","Net migration","SM.POP.NETM","","","-2905","","","","","-1442","","","","","-2131","","","","","-1511","","","","","109","","","","","99","","","","","1739","","","","","-4116","","","","","-9556","","","","","-9776","","","","","0","","",
"Guyana","GUY","Net migration","SM.POP.NETM","","","2131","","","","","-2310","","","","","-62513","","","","","-65965","","","","","-84984","","","","","-76405","","","","","-46478","","","","","-31336","","","","","-32763","","","","","-32763","","","","","-32770","","",
"High income","HIC","Net migration","SM.POP.NETM","","","2640535","","","","","3359691","","","","","7381576","","","","","8607312","","","","","9274333","","","","","10194333","","","","","13615300","","","","","15497903","","","","","22157573","","","","","24382060","","","","","16954933","","",
"Hong Kong SAR, China","HKG","Net migration","SM.POP.NETM","","","224481","","","","","-177802","","","","","66508","","","","","401993","","","","","82471","","","","","160164","","","","","155840","","","","","601002","","","","","-41256","","","","","44716","","","","","150000","","",
"Honduras","HND","Net migration","SM.POP.NETM","","","11000","","","","","-70000","","","","","-50000","","","","","-30000","","","","","-50000","","","","","-70000","","","","","-120000","","","","","-180000","","","","","-150000","","","","","-100000","","","","","-50000","","",
"Heavily indebted poor countries (HIPC)","HPC","Net migration","SM.POP.NETM","","","-239106","","","","","-181691","","","","","-1104676","","","","","-3270471","","","","","-5370946","","","","","-2894676","","","","","3735107","","","","","-3099932","","","","","-2113247","","","","","-3041858","","","","","-3305049","","",
"Croatia","HRV","Net migration","SM.POP.NETM","","","-71881","","","","","-72807","","","","","-153","","","","","9851","","","","","71629","","","","","149154","","","","","-93438","","","","","-200997","","","","","-29977","","","","","-352","","","","","-20000","","",
"Haiti","HTI","Net migration","SM.POP.NETM","","","-51219","","","","","-58380","","","","","-88350","","","","","-98750","","","","","-124020","","","","","-131470","","","","","-133270","","","","","-135770","","","","","-170449","","","","","-239997","","","","","-175001","","",
"Hungary","HUN","Net migration","SM.POP.NETM","","","3984","","","","","-9921","","","","","-5948","","","","","51236","","","","","-119461","","","","","-99736","","","","","96796","","","","","78562","","","","","66163","","","","","95789","","","","","75000","","",
"Indonesia","IDN","Net migration","SM.POP.NETM","","","-160217","","","","","-140374","","","","","-194252","","","","","-135045","","","","","-153912","","","","","-208498","","","","","-346993","","","","","-197437","","","","","-525809","","","","","-737991","","","","","-700000","","",
"Isle of Man","IMN","Net migration","SM.POP.NETM","","","","","","","","","","","","","","","","","","","","","","","","","","","","","","","","","","","","","","","","","","","","","","","","","","","","","","","",
"India","IND","Net migration","SM.POP.NETM","","","-86068","","","","","-246330","","","","","2118972","","","","","1130645","","","","","482970","","","","","44748","","","","","-127176","","","","","-442865","","","","","-1923245","","","","","-2978380","","","","","-2294049","","",
"Not classified","INX","Net migration","SM.POP.NETM","","","","","","","","","","","","","","","","","","","","","","","","","","","","","","","","","","","","","","","","","","","","","","","","","","","","","","","",
"Ireland","IRL","Net migration","SM.POP.NETM","","","-109734","","","","","-50860","","","","","37331","","","","","53058","","","","","-50745","","","","","-115193","","","","","-10648","","","","","83412","","","","","199949","","","","","108212","","","","","50000","","",
"Iran, Islamic Rep.","IRN","Net migration","SM.POP.NETM","","","-7838","","","","","51755","","","","","77633","","","","","419996","","","","","1969421","","","","","1344377","","","","","-2276004","","","","","615293","","","","","-70307","","","","","-549266","","","","","-300001","","",
"Iraq","IRQ","Net migration","SM.POP.NETM","","","-1862","","","","","-6877","","","","","-8587","","","","","-47791","","","","","-199939","","","","","-630184","","","","","-154026","","","","","-17859","","","","","-266320","","","","","-457332","","","","","449998","","",
"Iceland","ISL","Net migration","SM.POP.NETM","","","-732","","","","","-2757","","","","","-1061","","","","","-3929","","","","","260","","","","","646","","","","","-1054","","","","","1994","","","","","3894","","","","","8041","","","","","5429","","",
"Israel","ISR","Net migration","SM.POP.NETM","","","208759","","","","","72440","","","","","165879","","","","","62546","","","","","2604","","","","","65418","","","","","456923","","","","","245334","","","","","102935","","","","","273635","","","","","-75985","","",
"Italy","ITA","Net migration","SM.POP.NETM","","","-231607","","","","","-231781","","","","","19396","","","","","164927","","","","","266352","","","","","-10058","","","","","152825","","","","","223974","","","","","1853488","","","","","1911307","","","","","900000","","",
"Jamaica","JAM","Net migration","SM.POP.NETM","","","-148431","","","","","-169362","","","","","-104232","","","","","-113560","","","","","-81713","","","","","-160500","","","","","-111717","","","","","-73208","","","","","-76076","","","","","-100000","","","","","-80000","","",
"Jordan","JOR","Net migration","SM.POP.NETM","","","35715","","","","","254352","","","","","-29706","","","","","-80758","","","","","81657","","","","","118198","","","","","401472","","","","","-188262","","","","","-184266","","","","","450110","","","","","400002","","",
"Japan","JPN","Net migration","SM.POP.NETM","","","209163","","","","","878290","","","","","457099","","","","","45014","","","","","212063","","","","","-628168","","","","","451392","","","","","16977","","","","","622058","","","","","445661","","","","","350000","","",
"Kazakhstan","KAZ","Net migration","SM.POP.NETM","","","691681","","","","","173343","","","","","-55461","","","","","-313630","","","","","-348261","","","","","-606090","","","","","-1511745","","","","","-1324984","","","","","44530","","","","","-11297","","","","","0","","",
"Kenya","KEN","Net migration","SM.POP.NETM","","","-20000","","","","","-19535","","","","","-17915","","","","","-2930","","","","","3805","","","","","5023","","","","","221569","","","","","-21386","","","","","25144","","","","","-189330","","","","","-50000","","",
"Kyrgyz Republic","KGZ","Net migration","SM.POP.NETM","","","116848","","","","","110071","","","","","34140","","","","","17954","","","","","-39988","","","","","-120200","","","","","-271590","","","","","-32705","","","","","-241967","","","","","-128121","","","","","-175003","","",
"Cambodia","KHM","Net migration","SM.POP.NETM","","","0","","","","","-225001","","","","","-125000","","","","","-84999","","","","","-88854","","","","","-78022","","","","","409414","","","","","290309","","","","","-73009","","","","","-372904","","","","","-174997","","",
"Kiribati","KIR","Net migration","SM.POP.NETM","","","0","","","","","0","","","","","0","","","","","0","","","","","0","","","","","0","","","","","-4278","","","","","-2986","","","","","-853","","","","","-1000","","","","","-1000","","",
"St. Kitts and Nevis","KNA","Net migration","SM.POP.NETM","","","","","","","","","","","","","","","","","","","","","","","","","","","","","","","","","","","","","","","","","","","","","","","","","","","","","","","",
"Korea, Rep.","KOR","Net migration","SM.POP.NETM","","","-281388","","","","","-389118","","","","","-449729","","","","","-165179","","","","","317043","","","","","434981","","","","","-633048","","","","","-514637","","","","","-98270","","","","","337810","","","","","300000","","",
"Kosovo","","Net migration","SM.POP.NETM","","","","","","","","","","","","","","","","","","","","","","","","","","","","","","","","","","","","","","","","","","","","","","","","","","","","","","","",
"Kuwait","KWT","Net migration","SM.POP.NETM","","","153599","","","","","137534","","","","","109162","","","","","101471","","","","","102745","","","","","118980","","","","","-601874","","","","","125523","","","","","200174","","","","","448950","","","","","299999","","",
"Latin America & Caribbean (developing only)","LAC","Net migration","SM.POP.NETM","","","-1225893","","","","","-1710975","","","","","-2143963","","","","","-2434094","","","","","-3676734","","","","","-3381089","","","","","-2945722","","","","","-4151929","","","","","-5879115","","","","","-5049016","","","","","-2956768","","",
"Lao PDR","LAO","Net migration","SM.POP.NETM","","","76","","","","","30","","","","","46","","","","","-198756","","","","","-35110","","","","","138","","","","","-45184","","","","","-131254","","","","","-172500","","","","","-74998","","","","","-74998","","",
"Lebanon","LBN","Net migration","SM.POP.NETM","","","20000","","","","","-70002","","","","","-10000","","","","","-270000","","","","","-214381","","","","","-228040","","","","","90000","","","","","-29428","","","","","550110","","","","","183370","","","","","500001","","",
"Liberia","LBR","Net migration","SM.POP.NETM","","","7996","","","","","11013","","","","","10996","","","","","11949","","","","","0","","","","","-400000","","","","","-300000","","","","","450000","","","","","-50000","","","","","175585","","","","","-20000","","",
"Libya","LBY","Net migration","SM.POP.NETM","","","45891","","","","","48002","","","","","58665","","","","","57534","","","","","113380","","","","","5490","","","","","3965","","","","","-20670","","","","","-74865","","","","","-88686","","","","","-238688","","",
"St. Lucia","LCA","Net migration","SM.POP.NETM","","","-9372","","","","","-7697","","","","","-9649","","","","","-8932","","","","","-8141","","","","","-4262","","","","","-4806","","","","","-948","","","","","-227","","","","","2850","","","","","40","","",
"Latin America & Caribbean (all income levels)","LCN","Net migration","SM.POP.NETM","","","-1269524","","","","","-1828823","","","","","-1806953","","","","","-2483363","","","","","-3720414","","","","","-3399279","","","","","-2871397","","","","","-4205086","","","","","-6239858","","","","","-5353359","","","","","-3111986","","",
"Least developed countries: UN classification","LDC","Net migration","SM.POP.NETM","","","-849805","","","","","-830291","","","","","-4761292","","","","","-4374706","","","","","-6382647","","","","","-3961778","","","","","2752287","","","","","-3449366","","","","","-4623381","","","","","-7441333","","","","","-4921359","","",
"Low income","LIC","Net migration","SM.POP.NETM","","","-525767","","","","","-344796","","","","","-1393008","","","","","-3125544","","","","","-5719013","","","","","-3413079","","","","","1891439","","","","","-1530347","","","","","-1585309","","","","","-2905527","","","","","-1180987","","",
"Liechtenstein","LIE","Net migration","SM.POP.NETM","","","","","","","","","","","","","","","","","","","","","","","","","","","","","","","","","","","","","","","","","","","","","","","","","","","","","","","",
"Sri Lanka","LKA","Net migration","SM.POP.NETM","","","-47500","","","","","-38500","","","","","-145000","","","","","-237500","","","","","-395500","","","","","-137440","","","","","-255780","","","","","-400002","","","","","-100001","","","","","-383573","","","","","-316785","","",
"Lower middle income","LMC","Net migration","SM.POP.NETM","","","7720","","","","","-1804421","","","","","-2841341","","","","","-2558812","","","","","-2301996","","","","","-3975128","","","","","-7033241","","","","","-9380724","","","","","-15641625","","","","","-15936746","","","","","-13440900","","",
"Low & middle income","LMY","Net migration","SM.POP.NETM","","","-2893695","","","","","-3818070","","","","","-7267808","","","","","-8773954","","","","","-9260156","","","","","-10057023","","","","","-13476364","","","","","-15360751","","","","","-22405851","","","","","-24380936","","","","","-17004655","","",
"Lesotho","LSO","Net migration","SM.POP.NETM","","","-25000","","","","","-22400","","","","","-24048","","","","","-6538","","","","","-25760","","","","","-62682","","","","","-46345","","","","","-74427","","","","","-34493","","","","","-24418","","","","","-19998","","",
"Lithuania","LTU","Net migration","SM.POP.NETM","","","24715","","","","","26314","","","","","37782","","","","","38815","","","","","43804","","","","","36863","","","","","-100301","","","","","-99165","","","","","-155484","","","","","-160222","","","","","-28394","","",
"Luxembourg","LUX","Net migration","SM.POP.NETM","","","8527","","","","","5918","","","","","15284","","","","","11846","","","","","2552","","","","","12831","","","","","20040","","","","","19940","","","","","14473","","","","","42279","","","","","25602","","",
"Latvia","LVA","Net migration","SM.POP.NETM","","","76276","","","","","69482","","","","","54668","","","","","41271","","","","","39884","","","","","42002","","","","","-135622","","","","","-39042","","","","","-82692","","","","","-86168","","","","","-10000","","",
"Macao SAR, China","MAC","Net migration","SM.POP.NETM","","","19802","","","","","36083","","","","","-7003","","","","","-6011","","","","","32747","","","","","37411","","","","","18844","","","","","20203","","","","","29866","","","","","56322","","","","","35000","","",
"St. Martin (French part)","MAF","Net migration","SM.POP.NETM","","","","","","","","","","","","","","","","","","","","","","","","","","","","","","","","","","","","","","","","","","","","","","","","","","","","","","","",
"Morocco","MAR","Net migration","SM.POP.NETM","","","-355373","","","","","-415001","","","","","-587914","","","","","-455032","","","","","-438928","","","","","-453748","","","","","-610547","","","","","-570891","","","","","-754890","","","","","-624912","","","","","-450000","","",
"Monaco","MCO","Net migration","SM.POP.NETM","","","","","","","","","","","","","","","","","","","","","","","","","","","","","","","","","","","","","","","","","","","","","","","","","","","","","","","",
"Moldova","MDA","Net migration","SM.POP.NETM","","","100890","","","","","74449","","","","","55824","","","","","-26414","","","","","-9185","","","","","-84531","","","","","-131953","","","","","-249562","","","","","-316679","","","","","-170376","","","","","-103050","","",
"Madagascar","MDG","Net migration","SM.POP.NETM","","","0","","","","","-8000","","","","","-19000","","","","","-30000","","","","","-8000","","","","","-8000","","","","","-7000","","","","","-6000","","","","","-5000","","","","","-5000","","","","","-5000","","",
"Maldives","MDV","Net migration","SM.POP.NETM","","","-581","","","","","-2904","","","","","2415","","","","","0","","","","","0","","","","","-2605","","","","","-3072","","","","","-1100","","","","","-105","","","","","-53","","","","","-53","","",
"Middle East & North Africa (all income levels)","MEA","Net migration","SM.POP.NETM","","","-354437","","","","","-677324","","","","","-847756","","","","","-70795","","","","","2165859","","","","","339748","","","","","-2975943","","","","","-1624618","","","","","1799874","","","","","5261664","","","","","962527","","",
"Mexico","MEX","Net migration","SM.POP.NETM","","","-322668","","","","","-538062","","","","","-844176","","","","","-937125","","","","","-1904261","","","","","-1377252","","","","","-796462","","","","","-1838905","","","","","-2929461","","","","","-2051370","","","","","-1200191","","",
"Marshall Islands","MHL","Net migration","SM.POP.NETM","","","","","","","","","","","","","","","","","","","","","","","","","","","","","","","","","","","","","","","","","","","","","","","","","","","","","","","",
"Middle income","MIC","Net migration","SM.POP.NETM","","","-2367928","","","","","-3473274","","","","","-5874800","","","","","-5648410","","","","","-3541143","","","","","-6643944","","","","","-15367803","","","","","-13830404","","","","","-20820542","","","","","-21475409","","","","","-15823668","","",
"Macedonia, FYR","MKD","Net migration","SM.POP.NETM","","","-40940","","","","","-28981","","","","","-61002","","","","","-14749","","","","","-72752","","","","","-52461","","","","","-129829","","","","","28981","","","","","3545","","","","","-8588","","","","","-4999","","",
"Mali","MLI","Net migration","SM.POP.NETM","","","-70243","","","","","-98235","","","","","-95585","","","","","-174998","","","","","-218064","","","","","-480652","","","","","-173489","","","","","-141950","","","","","-67110","","","","","-100823","","","","","-302449","","",
"Malta","MLT","Net migration","SM.POP.NETM","","","-26384","","","","","-12601","","","","","-9682","","","","","3740","","","","","5757","","","","","2316","","","","","5791","","","","","2160","","","","","3490","","","","","6735","","","","","4512","","",
"Myanmar","MMR","Net migration","SM.POP.NETM","","","0","","","","","0","","","","","0","","","","","0","","","","","-54660","","","","","-136990","","","","","-125820","","","","","4000","","","","","-1000000","","","","","-800000","","","","","-100000","","",
"Middle East & North Africa (developing only)","MNA","Net migration","SM.POP.NETM","","","-855265","","","","","-1125447","","","","","-1935628","","","","","-1775741","","","","","302013","","","","","-724300","","","","","-3091374","","","","","-1463268","","","","","-1988564","","","","","-619826","","","","","-1632058","","",
"Montenegro","MNE","Net migration","SM.POP.NETM","","","-13587","","","","","-9421","","","","","-13915","","","","","-10302","","","","","-15589","","","","","-5027","","","","","-19369","","","","","-21230","","","","","-5558","","","","","-3316","","","","","-2500","","",
"Mongolia","MNG","Net migration","SM.POP.NETM","","","0","","","","","0","","","","","0","","","","","0","","","","","0","","","","","0","","","","","-88432","","","","","-52463","","","","","-15001","","","","","-15001","","","","","-15001","","",
"Northern Mariana Islands","MNP","Net migration","SM.POP.NETM","","","","","","","","","","","","","","","","","","","","","","","","","","","","","","","","","","","","","","","","","","","","","","","","","","","","","","","",
"Mozambique","MOZ","Net migration","SM.POP.NETM","","","-23500","","","","","-23500","","","","","-23500","","","","","87373","","","","","-373366","","","","","-1300000","","","","","650000","","","","","75000","","","","","-20000","","","","","-20000","","","","","-25004","","",
"Mauritania","MRT","Net migration","SM.POP.NETM","","","-1820","","","","","-2760","","","","","-5950","","","","","-9700","","","","","-16100","","","","","-30300","","","","","-14700","","","","","9900","","","","","30000","","","","","9900","","","","","-20000","","",
"Mauritius","MUS","Net migration","SM.POP.NETM","","","-30869","","","","","-29156","","","","","-20463","","","","","-20617","","","","","-21632","","","","","-35977","","","","","-5611","","","","","-8858","","","","","-28626","","","","","-14328","","","","","0","","",
"Malawi","MWI","Net migration","SM.POP.NETM","","","-6874","","","","","-9696","","","","","29207","","","","","54","","","","","-83786","","","","","784999","","","","","-932889","","","","","-179091","","","","","-22289","","","","","110888","","","","","0","","",
"Malaysia","MYS","Net migration","SM.POP.NETM","","","80684","","","","","-18722","","","","","-31056","","","","","-6950","","","","","158020","","","","","435408","","","","","298812","","","","","397501","","","","","490830","","","","","648242","","","","","450000","","",
"North America","NAC","Net migration","SM.POP.NETM","","","1131868","","","","","2103694","","","","","3612026","","","","","4310836","","","","","4012189","","","","","4791811","","","","","5153644","","","","","9230958","","","","","6351145","","","","","6476315","","","","","6100001","","",
"Namibia","NAM","Net migration","SM.POP.NETM","","","0","","","","","-870","","","","","-2825","","","","","-44585","","","","","-29139","","","","","74791","","","","","23492","","","","","35497","","","","","-50000","","","","","-50000","","","","","-3336","","",
"New Caledonia","NCL","Net migration","SM.POP.NETM","","","3347","","","","","1106","","","","","6442","","","","","-1222","","","","","-2085","","","","","475","","","","","4778","","","","","5571","","","","","4771","","","","","4234","","","","","5660","","",
"Niger","NER","Net migration","SM.POP.NETM","","","-11545","","","","","-11545","","","","","-13763","","","","","-18138","","","","","-92946","","","","","-91917","","","","","-2679","","","","","24056","","","","","-28497","","","","","-28497","","","","","-28497","","",
"Nigeria","NGA","Net migration","SM.POP.NETM","","","1021","","","","","-43347","","","","","-38526","","","","","854649","","","","","-671640","","","","","-91407","","","","","-95769","","","","","-95027","","","","","-170000","","","","","-300000","","","","","-300000","","",
"Nicaragua","NIC","Net migration","SM.POP.NETM","","","-14000","","","","","-19000","","","","","-40006","","","","","-59950","","","","","-110150","","","","","-155700","","","","","-113950","","","","","-157800","","","","","-206400","","","","","-200000","","","","","-120000","","",
"Netherlands","NLD","Net migration","SM.POP.NETM","","","11589","","","","","54636","","","","","179460","","","","","180718","","","","","79525","","","","","133845","","","","","220083","","","","","153553","","","","","144620","","","","","55674","","","","","50006","","",
"High income: nonOECD","NOC","Net migration","SM.POP.NETM","","","-871191","","","","","-370139","","","","","1160531","","","","","2789989","","","","","3435862","","","","","2506226","","","","","2021020","","","","","2410283","","","","","5178879","","","","","7896448","","","","","4175983","","",
"Norway","NOR","Net migration","SM.POP.NETM","","","-2274","","","","","13867","","","","","29273","","","","","20728","","","","","24805","","","","","38715","","","","","46903","","","","","58773","","","","","67400","","","","","174001","","","","","149997","","",
"Nepal","NPL","Net migration","SM.POP.NETM","","","-70000","","","","","-21075","","","","","-5799","","","","","-41002","","","","","-101147","","","","","-216407","","","","","47899","","","","","-132784","","","","","-637797","","","","","-837223","","","","","-400570","","",
"New Zealand","NZL","Net migration","SM.POP.NETM","","","42751","","","","","-2624","","","","","76678","","","","","-74794","","","","","-2908","","","","","-9418","","","","","118016","","","","","42584","","","","","134629","","","","","62413","","","","","75003","","",
"High income: OECD","OEC","Net migration","SM.POP.NETM","","","3511726","","","","","3729830","","","","","6221045","","","","","5817323","","","","","5838471","","","","","7688107","","","","","11594280","","","","","13087620","","","","","16978694","","","","","16485612","","","","","12778950","","",
"OECD members","OED","Net migration","SM.POP.NETM","","","2929889","","","","","2871999","","","","","5062070","","","","","4512200","","","","","3856619","","","","","6160855","","","","","10597817","","","","","11098717","","","","","13949231","","","","","14384242","","","","","11928759","","",
"Oman","OMN","Net migration","SM.POP.NETM","","","-10000","","","","","-5000","","","","","25470","","","","","76409","","","","","81500","","","","","9000","","","","","65500","","","","","-209243","","","","","106793","","","","","32567","","","","","1029938","","",
"Other small states","OSS","Net migration","SM.POP.NETM","","","-123209","","","","","-59546","","","","","-101060","","","","","-204713","","","","","-58052","","","","","83614","","","","","-213837","","","","","-287671","","","","","-160342","","","","","-215481","","","","","-121625","","",
"Pakistan","PAK","Net migration","SM.POP.NETM","","","-93268","","","","","-209978","","","","","-138106","","","","","700000","","","","","1345233","","","","","139790","","","","","-1400001","","","","","-187332","","","","","-1754207","","","","","-1847104","","","","","-1634420","","",
"Panama","PAN","Net migration","SM.POP.NETM","","","-11016","","","","","-11643","","","","","-11199","","","","","-12427","","","","","-11881","","","","","-9069","","","","","401","","","","","10827","","","","","16852","","","","","22758","","","","","28575","","",
"Peru","PER","Net migration","SM.POP.NETM","","","0","","","","","0","","","","","0","","","","","-36000","","","","","-80000","","","","","-180000","","","","","-300000","","","","","-350000","","","","","-624999","","","","","-724999","","","","","-300001","","",
"Philippines","PHL","Net migration","SM.POP.NETM","","","0","","","","","-272134","","","","","-238011","","","","","-313865","","","","","-176977","","","","","-298965","","","","","-695162","","","","","-775924","","","","","-1127900","","","","","-1233365","","","","","-700000","","",
"Palau","PLW","Net migration","SM.POP.NETM","","","","","","","","","","","","","","","","","","","","","","","","","","","","","","","","","","","","","","","","","","","","","","","","","","","","","","","",
"Papua New Guinea","PNG","Net migration","SM.POP.NETM","","","-4317","","","","","2993","","","","","-7352","","","","","-8243","","","","","0","","","","","0","","","","","0","","","","","0","","","","","0","","","","","0","","","","","0","","",
"Poland","POL","Net migration","SM.POP.NETM","","","-10196","","","","","-143114","","","","","-170903","","","","","-106595","","","","","-83891","","","","","-221048","","","","","-221614","","","","","-232873","","","","","-114610","","","","","-70353","","","","","-38090","","",
"Puerto Rico","PRI","Net migration","SM.POP.NETM","","","-91587","","","","","-134255","","","","","-41031","","","","","-19579","","","","","-48420","","","","","-55192","","","","","-296","","","","","-30450","","","","","-145704","","","","","-138043","","","","","-103537","","",
"Korea, Dem. Rep.","PRK","Net migration","SM.POP.NETM","","","0","","","","","0","","","","","0","","","","","0","","","","","0","","","","","0","","","","","0","","","","","0","","","","","0","","","","","0","","","","","0","","",
"Portugal","PRT","Net migration","SM.POP.NETM","","","-547884","","","","","-701600","","","","","108187","","","","","198629","","","","","-66894","","","","","-147873","","","","","149122","","","","","173604","","","","","180000","","","","","100001","","","","","99995","","",
"Paraguay","PRY","Net migration","SM.POP.NETM","","","-69195","","","","","-64534","","","","","-57676","","","","","-45421","","","","","-20790","","","","","-16904","","","","","-30440","","","","","-42970","","","","","-44556","","","","","-40000","","","","","-40000","","",
"Pacific island small states","PSS","Net migration","SM.POP.NETM","","","3516","","","","","-16075","","","","","-37893","","","","","-46282","","","","","-44913","","","","","-103525","","","","","-68380","","","","","-92629","","","","","-104755","","","","","-76214","","","","","-70548","","",
"French Polynesia","PYF","Net migration","SM.POP.NETM","","","3190","","","","","3344","","","","","4388","","","","","3844","","","","","3650","","","","","241","","","","","-4324","","","","","3483","","","","","77","","","","","-3463","","","","","-500","","",
"Qatar","QAT","Net migration","SM.POP.NETM","","","16337","","","","","20912","","","","","34368","","","","","28315","","","","","101975","","","","","57517","","","","","-22453","","","","","42840","","","","","170402","","","","","857088","","","","","499998","","",
"Romania","ROU","Net migration","SM.POP.NETM","","","-81706","","","","","55198","","","","","70347","","","","","-100067","","","","","-127234","","","","","-120603","","","","","-410768","","","","","-328262","","","","","-52137","","","","","-54550","","","","","-44999","","",
"Russian Federation","RUS","Net migration","SM.POP.NETM","","","-1394343","","","","","-550617","","","","","-290289","","","","","639801","","","","","1107000","","","","","906615","","","","","2219718","","","","","2308220","","","","","1635324","","","","","2257350","","","","","1100002","","",
"Rwanda","RWA","Net migration","SM.POP.NETM","","","-140001","","","","","20000","","","","","-20000","","","","","-20000","","","","","-50002","","","","","29999","","","","","-1533124","","","","","1791149","","","","","-63536","","","","","-63536","","","","","-44999","","",
"South Asia","SAS","Net migration","SM.POP.NETM","","","-454795","","","","","-690613","","","","","-1195772","","","","","-707680","","","","","-3007495","","","","","-2094883","","","","","499516","","","","","-2538677","","","","","-6243225","","","","","-10339792","","","","","-7076435","","",
"Saudi Arabia","SAU","Net migration","SM.POP.NETM","","","125935","","","","","187426","","","","","491874","","","","","995676","","","","","1391626","","","","","538413","","","","","-121511","","","","","-876891","","","","","2197524","","","","","157126","","","","","300000","","",
"Sudan","SDN","Net migration","SM.POP.NETM","","","0","","","","","0","","","","","20000","","","","","180000","","","","","220000","","","","","150000","","","","","1200000","","","","","-640000","","","","","-430000","","","","","-500000","","","","","-800000","","",
"Senegal","SEN","Net migration","SM.POP.NETM","","","50002","","","","","86522","","","","","65586","","","","","-134783","","","","","-85108","","","","","-60291","","","","","-70008","","","","","-209864","","","","","-151131","","","","","-166051","","","","","-99996","","",
"Singapore","SGP","Net migration","SM.POP.NETM","","","428","","","","","-363","","","","","5889","","","","","14266","","","","","137811","","","","","119801","","","","","248927","","","","","255243","","","","","435595","","","","","449245","","","","","400000","","",
"Solomon Islands","SLB","Net migration","SM.POP.NETM","","","2348","","","","","2188","","","","","2118","","","","","182","","","","","-1","","","","","-1832","","","","","-971","","","","","-677","","","","","-4898","","","","","-11896","","","","","-11868","","",
"Sierra Leone","SLE","Net migration","SM.POP.NETM","","","0","","","","","0","","","","","0","","","","","0","","","","","0","","","","","62745","","","","","-450000","","","","","-150000","","","","","500000","","","","","60000","","","","","-21000","","",
"El Salvador","SLV","Net migration","SM.POP.NETM","","","-14630","","","","","-53340","","","","","-96980","","","","","-192600","","","","","-253160","","","","","-290750","","","","","-255475","","","","","-401760","","","","","-355705","","","","","-291710","","","","","-225002","","",
"San Marino","SMR","Net migration","SM.POP.NETM","","","","","","","","","","","","","","","","","","","","","","","","","","","","","","","","","","","","","","","","","","","","","","","","","","","","","","","",
"Somalia","SOM","Net migration","SM.POP.NETM","","","-1046","","","","","1489","","","","","-6","","","","","1587565","","","","","-832045","","","","","-632286","","","","","-893365","","","","","-100004","","","","","-200000","","","","","-300000","","","","","-150000","","",
"Serbia","SRB","Net migration","SM.POP.NETM","","","","","","","","","","","","","","","","","","","","","","","","","","","","","","","","","428038","","","","","-202845","","","","","-323540","","","","","-240636","","","","","-99999","","",
"Sub-Saharan Africa (developing only)","SSA","Net migration","SM.POP.NETM","","","-253421","","","","","-116964","","","","","-775928","","","","","-1028458","","","","","-1520454","","","","","-1365299","","","","","727689","","","","","-1795335","","","","","-867659","","","","","-681999","","","","","-1543285","","",
"South Sudan","SSD","Net migration","SM.POP.NETM","","","0","","","","","0","","","","","25000","","","","","60000","","","","","150000","","","","","-405000","","","","","-1095000","","","","","400000","","","","","432000","","","","","785000","","","","","865000","","",
"Sub-Saharan Africa (all income levels)","SSF","Net migration","SM.POP.NETM","","","-254272","","","","","-117962","","","","","-845698","","","","","-1058658","","","","","-1458553","","","","","-1355594","","","","","743314","","","","","-1775470","","","","","-840146","","","","","-663110","","","","","-1524836","","",
"Small states","SST","Net migration","SM.POP.NETM","","","-368366","","","","","-352179","","","","","-439879","","","","","-551400","","","","","-368923","","","","","-350533","","","","","-503638","","","","","-533129","","","","","-374990","","","","","-424258","","","","","-314967","","",
"Sao Tome and Principe","STP","Net migration","SM.POP.NETM","","","-9152","","","","","-744","","","","","-2509","","","","","-1221","","","","","-5273","","","","","-2548","","","","","-3732","","","","","-9107","","","","","-5998","","","","","-1498","","","","","-1500","","",
"Suriname","SUR","Net migration","SM.POP.NETM","","","-11050","","","","","-13862","","","","","-56820","","","","","-40352","","","","","-31771","","","","","-4845","","","","","-3342","","","","","-5655","","","","","3","","","","","-4998","","","","","-5000","","",
"Slovak Republic","SVK","Net migration","SM.POP.NETM","","","-26427","","","","","-57838","","","","","-15254","","","","","-9696","","","","","-34777","","","","","-35312","","","","","-15108","","","","","-2964","","","","","5787","","","","","30200","","","","","14999","","",
"Slovenia","SVN","Net migration","SM.POP.NETM","","","-15206","","","","","-20295","","","","","15108","","","","","29487","","","","","78426","","","","","30143","","","","","-16487","","","","","1375","","","","","16824","","","","","44720","","","","","22000","","",
"Sweden","SWE","Net migration","SM.POP.NETM","","","80351","","","","","130980","","","","","18798","","","","","88567","","","","","29799","","","","","134569","","","","","156460","","","","","58470","","","","","141723","","","","","262453","","","","","200000","","",
"Swaziland","SWZ","Net migration","SM.POP.NETM","","","-9908","","","","","-9472","","","","","-7872","","","","","-9472","","","","","-14496","","","","","17149","","","","","-38243","","","","","-12000","","","","","-46077","","","","","-6000","","","","","-6000","","",
"Sint Maarten (Dutch part)","SXM","Net migration","SM.POP.NETM","","","","","","","","","","","","","","","","","","","","","","","","","","","","","","","","","","","","","","","","","","","","","","","","","","","","","","","",
"Seychelles","SYC","Net migration","SM.POP.NETM","","","-851","","","","","-998","","","","","230","","","","","-200","","","","","-3099","","","","","-5295","","","","","625","","","","","-135","","","","","2513","","","","","-1111","","","","","-1551","","",
"Syrian Arab Republic","SYR","Net migration","SM.POP.NETM","","","-16000","","","","","-16000","","","","","-81501","","","","","-161672","","","","","-87001","","","","","-146501","","","","","-70000","","","","","-130000","","","","","-379910","","","","","1140716","","","","","-1500000","","",
"Turks and Caicos Islands","TCA","Net migration","SM.POP.NETM","","","","","","","","","","","","","","","","","","","","","","","","","","","","","","","","","","","","","","","","","","","","","","","","","","","","","","","",
"Chad","TCD","Net migration","SM.POP.NETM","","","-5000","","","","","-40950","","","","","-49050","","","","","-175500","","","","","-131245","","","","","1418","","","","","-10374","","","","","69444","","","","","218966","","","","","-50000","","","","","-120000","","",
"Togo","TGO","Net migration","SM.POP.NETM","","","-77885","","","","","138923","","","","","-49999","","","","","-100000","","","","","50001","","","","","-20000","","","","","-95003","","","","","-30000","","","","","-9994","","","","","-9994","","","","","-9994","","",
"Thailand","THA","Net migration","SM.POP.NETM","","","0","","","","","0","","","","","402578","","","","","287226","","","","","341913","","","","","504673","","","","","-1107538","","","","","595805","","","","","1102862","","","","","-710068","","","","","100000","","",
"Tajikistan","TJK","Net migration","SM.POP.NETM","","","77739","","","","","34640","","","","","28954","","","","","-5749","","","","","-21870","","","","","-37962","","","","","-289263","","","","","-324793","","","","","-96542","","","","","-62356","","","","","-99999","","",
"Turkmenistan","TKM","Net migration","SM.POP.NETM","","","36261","","","","","36429","","","","","31549","","","","","16341","","","","","-25116","","","","","-34319","","","","","43633","","","","","-60324","","","","","-114454","","","","","-57048","","","","","-24998","","",
"Timor-Leste","TLS","Net migration","SM.POP.NETM","","","1319","","","","","1998","","","","","2264","","","","","-97345","","","","","10878","","","","","3531","","","","","-4381","","","","","-162210","","","","","0","","","","","-74895","","","","","-75000","","",
"Tonga","TON","Net migration","SM.POP.NETM","","","103","","","","","-3147","","","","","-7635","","","","","-7889","","","","","-12542","","","","","-10902","","","","","-11082","","","","","-8701","","","","","-8129","","","","","-8196","","","","","-8078","","",
"Trinidad and Tobago","TTO","Net migration","SM.POP.NETM","","","-57936","","","","","-61563","","","","","-29357","","","","","-30858","","","","","-34278","","","","","-45071","","","","","-31973","","","","","-32545","","","","","-13159","","","","","-11303","","","","","-15000","","",
"Tunisia","TUN","Net migration","SM.POP.NETM","","","-81793","","","","","-106345","","","","","-103398","","","","","-72071","","","","","-24144","","","","","66281","","","","","43875","","","","","-53050","","","","","-71377","","","","","-32941","","","","","-32941","","",
"Turkey","TUR","Net migration","SM.POP.NETM","","","-259169","","","","","-319769","","","","","-314799","","","","","-367998","","","","","-77591","","","","","-150000","","","","","-200001","","","","","-149998","","","","","-100002","","","","","-50000","","","","","350000","","",
"Tuvalu","TUV","Net migration","SM.POP.NETM","","","","","","","","","","","","","","","","","","","","","","","","","","","","","","","","","","","","","","","","","","","","","","","","","","","","","","","",
"Taiwan, China","TWN","Net migration","SM.POP.NETM","","","","","","","","","","","","","","","","","","","","","","","","","","","","","","","","","","","","","","","","","","","","","","","","","","","","","","","",
"Tanzania","TZA","Net migration","SM.POP.NETM","","","27000","","","","","36025","","","","","118990","","","","","-22250","","","","","37180","","","","","68208","","","","","591288","","","","","-205875","","","","","-345000","","","","","-300000","","","","","-150000","","",
"Uganda","UGA","Net migration","SM.POP.NETM","","","125200","","","","","53330","","","","","-240530","","","","","-166660","","","","","-115340","","","","","233366","","","","","119995","","","","","-45737","","","","","-5000","","","","","-135000","","","","","-150000","","",
"Ukraine","UKR","Net migration","SM.POP.NETM","","","454164","","","","","267633","","","","","209851","","","","","104383","","","","","189092","","","","","0","","","","","74421","","","","","-462264","","","","","-165445","","","","","235195","","","","","-40006","","",
"Upper middle income","UMC","Net migration","SM.POP.NETM","","","-2375648","","","","","-1668853","","","","","-3033459","","","","","-3089598","","","","","-1239147","","","","","-2668816","","","","","-8334562","","","","","-4449680","","","","","-5178917","","","","","-5538663","","","","","-2382768","","",
"Uruguay","URY","Net migration","SM.POP.NETM","","","-6000","","","","","-34000","","","","","-136000","","","","","-60000","","","","","-30000","","","","","-30000","","","","","-20000","","","","","-26000","","","","","-104000","","","","","-50000","","","","","-30000","","",
"United States","USA","Net migration","SM.POP.NETM","","","958653","","","","","1495166","","","","","2840500","","","","","3872809","","","","","3636060","","","","","3916798","","","","","4454880","","","","","8469347","","","","","5322320","","","","","5224810","","","","","5000002","","",
"Uzbekistan","UZB","Net migration","SM.POP.NETM","","","132516","","","","","123427","","","","","191277","","","","","-44307","","","","","-115457","","","","","-374399","","","","","-275213","","","","","-374203","","","","","-779620","","","","","-443424","","","","","-200000","","",
"St. Vincent and the Grenadines","VCT","Net migration","SM.POP.NETM","","","-9326","","","","","-10014","","","","","-8792","","","","","-7257","","","","","-7345","","","","","-7103","","","","","-8682","","","","","-7948","","","","","-5200","","","","","-5122","","","","","-5000","","",
"Venezuela, RB","VEN","Net migration","SM.POP.NETM","","","25000","","","","","25000","","","","","340000","","","","","385000","","","","","75001","","","","","75001","","","","","40000","","","","","40000","","","","","40000","","","","","40000","","","","","40000","","",
"Virgin Islands (U.S.)","VIR","Net migration","SM.POP.NETM","","","10270","","","","","3245","","","","","9407","","","","","1961","","","","","-3492","","","","","-11156","","","","","-4618","","","","","-3936","","","","","-5272","","","","","-6191","","","","","-3604","","",
"Vietnam","VNM","Net migration","SM.POP.NETM","","","0","","","","","0","","","","","0","","","","","-813123","","","","","-324942","","","","","-332327","","","","","-394236","","","","","-323425","","","","","-772336","","","","","-877681","","","","","-200002","","",
"Vanuatu","VUT","Net migration","SM.POP.NETM","","","67","","","","","-506","","","","","1439","","","","","245","","","","","-3312","","","","","-2801","","","","","-295","","","","","-7087","","","","","-502","","","","","1135","","","","","0","","",
"West Bank and Gaza","PSE","Net migration","SM.POP.NETM","","","","","","","","","","","","","","","","","","","","","","","","","","","","","","","","","35000","","","","","70000","","","","","-190000","","","","","-90000","","","","","-43750","","",
"World","WLD","Net migration","SM.POP.NETM","","","0","","","","","0","","","","","0","","","","","0","","","","","0","","","","","0","","","","","0","","","","","0","","","","","0","","","","","0","","","","","0","","",
"Samoa","WSM","Net migration","SM.POP.NETM","","","-1453","","","","","-5043","","","","","-13312","","","","","-17563","","","","","-17430","","","","","-18654","","","","","-13724","","","","","-17300","","","","","-15726","","","","","-15371","","","","","-12690","","",
"Yemen, Rep.","YEM","Net migration","SM.POP.NETM","","","-100000","","","","","-245662","","","","","-353000","","","","","-75000","","","","","-50000","","","","","-50000","","","","","672800","","","","","-100000","","","","","-100000","","","","","-135000","","","","","-135000","","",
"South Africa","ZAF","Net migration","SM.POP.NETM","","","115210","","","","","200939","","","","","231569","","","","","73316","","","","","175112","","","","","-133363","","","","","804595","","","","","158912","","","","","1072072","","","","","1402643","","","","","-100000","","",
"Congo, Dem. Rep.","COD","Net migration","SM.POP.NETM","","","122650","","","","","241910","","","","","27450","","","","","100685","","","","","-346860","","","","","74743","","","","","1202380","","","","","-1500956","","","","","-241564","","","","","-23975","","","","","-75000","","",
"Zambia","ZMB","Net migration","SM.POP.NETM","","","2500","","","","","-4180","","","","","27122","","","","","3583","","","","","48103","","","","","28583","","","","","-11201","","","","","83483","","","","","-81713","","","","","-85000","","","","","-40000","","",
"Zimbabwe","ZWE","Net migration","SM.POP.NETM","","","-10000","","","","","-28000","","","","","-30360","","","","","-101515","","","","","141520","","","","","120505","","","","","-191804","","","","","-200000","","","","","-700000","","","","","-800000","","","","","400000","","",
